minutes_played,goals,assists,yellow_cards,red_cards
2861,22,5,4,0
580,3,0,0,0
710,2,3,0,0
2446,11,8,0,0
1109,0,0,3,0
1679,4,4,6,0
423,1,0,2,0
2492,3,9,1,0
1408,4,0,4,0
1313,7,5,0,0
2608,3,3,5,0
2540,13,11,2,0
1806,7,2,5,1
795,0,0,2,0
792,0,0,1,1
5449,17,19,16,0
1693,4,9,1,0
2080,1,1,11,0
495,6,0,4,0
2719,0,2,3,0
1809,8,4,3,0
1418,3,2,6,0
2877,2,0,6,0
1316,1,1,3,0
2039,6,2,2,0
1901,3,4,3,0
2648,0,0,1,0
2091,1,5,7,0
549,1,0,1,0
2887,0,1,2,0
1578,7,0,1,0
135,0,0,0,0
564,0,1,2,0
1494,6,4,5,0
1772,1,0,2,0
1916,0,0,10,0
3628,2,5,7,0
144,0,0,1,0
130,0,0,0,0
1535,14,2,4,0
1748,5,2,3,0
628,3,2,3,0
640,1,2,3,0
7440,0,0,5,0
2457,0,0,2,0
1824,5,2,1,0
528,0,2,0,0
2979,12,9,4,0
2602,14,4,1,0
2182,7,4,3,0
2054,10,9,1,0
440,2,0,1,0
448,0,0,1,1
1051,4,1,4,0
4690,2,2,12,2
482,1,1,1,0
481,2,0,0,0
989,1,2,2,0
3288,9,4,6,0
1873,6,4,4,0
1144,3,8,3,0
575,3,1,1,0
457,2,1,1,0
4175,29,13,9,0
2084,15,3,1,0
169,0,0,1,0
1394,3,1,2,0
2371,2,9,3,0
235,0,0,0,0
990,0,0,0,0
458,3,0,0,0
2088,0,0,1,0
45,0,0,0,0
1836,0,0,4,0
2155,3,2,5,0
243,1,0,1,0
965,0,0,4,0
1277,4,4,0,0
836,3,3,1,0
465,2,0,0,0
2562,3,1,7,0
55,0,0,0,0
5535,25,22,2,0
1638,1,3,4,0
1828,0,0,4,0
1694,1,0,4,0
1980,0,0,2,0
2058,11,4,6,0
2068,5,6,0,0
2358,25,5,1,0
2296,4,4,2,0
1679,3,3,2,0
1291,7,0,1,0
723,2,2,1,1
2249,1,7,3,0
3079,1,6,7,0
2115,1,1,3,0
438,1,1,3,0
788,0,0,0,0
691,0,0,2,0
2377,22,4,5,0
1119,1,1,2,0
1125,6,4,0,0
458,3,3,0,0
809,5,2,0,0
151,0,0,0,0
1514,10,5,1,0
2980,24,7,4,0
2610,18,9,3,0
2157,9,2,3,0
2232,8,0,4,0
1660,4,3,5,0
2702,2,7,3,0
1737,2,0,2,0
1113,2,0,2,0
1890,1,2,2,1
2696,1,1,4,0
342,1,1,0,0
589,0,0,1,0
2169,10,2,10,0
1697,1,0,10,0
1161,3,5,2,0
1413,5,0,0,0
2525,2,2,2,0
95,0,1,0,0
73,0,0,1,0
3406,23,9,5,0
697,4,3,4,0
750,0,0,0,0
674,0,2,0,0
1380,2,2,4,0
1335,0,0,5,1
546,0,0,4,0
1992,1,4,3,0
1990,2,0,8,0
2526,20,3,5,1
2203,7,3,3,0
1016,3,1,1,0
2108,2,6,9,0
2548,2,4,7,0
813,2,1,1,0
832,2,0,0,0
703,1,0,1,0
3421,0,2,4,0
469,0,2,2,0
1868,0,0,6,0
790,0,0,5,0
251,0,0,1,0
190,0,0,0,0
7,0,0,0,0
778,3,3,2,0
61,1,0,0,0
2387,0,0,6,0
1974,10,6,2,0
1690,8,3,3,0
336,0,1,0,0
1344,0,0,5,0
764,0,0,0,0
720,0,0,3,0
626,0,0,3,0
25,0,0,0,0
71,0,0,0,0
2072,2,5,8,0
2076,0,0,2,0
540,0,0,0,0
3826,3,7,4,0
2314,18,3,6,0
1763,13,4,1,0
725,10,2,0,0
1671,6,2,8,0
6408,4,8,12,1
327,1,1,0,0
2760,0,0,5,1
310,0,0,0,0
251,0,0,1,0
171,0,0,1,0
163,0,0,1,0
55,0,0,1,0
618,0,1,2,0
2460,3,1,4,0
4257,20,19,8,0
2321,10,8,1,0
1061,8,1,3,0
1126,5,3,2,1
816,5,0,2,0
493,3,1,1,0
371,1,2,0,0
630,1,1,2,0
136,0,1,1,0
1312,0,0,6,0
737,0,0,0,0
361,0,0,0,0
185,0,0,2,0
103,0,0,0,0
93,0,0,0,0
92,0,0,0,0
930,0,0,0,0
1010,0,1,6,0
390,0,0,1,0
2204,0,2,3,0
354,1,2,1,0
83,0,0,0,0
2413,10,8,2,0
4159,6,2,6,0
1699,5,3,0,0
863,5,2,1,0
2252,2,0,4,1
804,0,0,2,0
1633,12,4,2,0
570,0,2,4,0
1025,4,1,2,0
956,0,0,1,0
599,0,0,1,1
3091,9,8,17,0
5352,27,23,4,0
3049,12,2,3,0
1378,6,5,3,0
1995,3,2,3,0
1227,2,1,5,0
760,2,1,3,0
1830,1,4,8,0
723,1,3,3,0
221,1,3,0,0
137,1,1,1,0
445,1,0,2,1
310,1,0,0,0
1669,0,1,3,0
225,0,1,0,0
840,0,0,0,1
585,0,0,1,0
359,0,0,1,0
70,0,0,0,0
62,0,0,0,0
61,0,0,0,0
40,0,0,0,0
2267,20,3,3,0
1701,0,0,1,0
152,1,0,1,0
1975,0,2,1,0
284,0,0,0,0
76,0,0,0,0
1310,4,0,3,0
529,4,0,1,0
2506,3,5,2,0
3406,3,3,2,1
475,2,0,0,0
896,1,0,2,0
2314,0,0,1,0
877,0,0,5,0
396,0,0,0,0
85,0,0,1,0
3694,16,4,3,0
3129,4,1,7,0
1610,2,3,1,0
153,0,1,0,0
3060,0,0,1,0
4815,21,6,14,0
1546,5,4,1,0
3969,3,1,14,0
2259,2,1,9,0
1163,2,1,1,0
1068,1,1,3,0
331,1,0,0,0
309,1,0,0,0
1813,0,2,1,1
680,0,2,3,0
83,0,1,0,0
276,0,0,0,0
265,0,0,2,0
182,0,0,1,0
119,0,0,0,0
90,0,0,0,0
1263,1,1,6,0
2517,2,0,10,0
1935,1,0,5,0
2415,0,0,2,0
146,0,0,1,0
2310,7,3,5,0
2642,1,1,2,0
2299,14,7,3,0
1787,2,3,4,0
967,2,2,5,0
2760,1,11,7,1
6498,1,2,13,0
1491,1,1,4,0
1228,1,0,4,0
347,0,1,1,0
2175,0,0,6,0
447,0,0,0,0
264,0,0,0,0
212,0,0,0,0
60,0,0,0,0
529,0,0,1,0
3008,10,8,6,0
1162,4,2,0,0
2070,1,2,8,0
280,1,1,0,0
1941,0,0,3,0
26,0,0,0,0
1688,10,5,3,0
973,10,2,1,0
1935,0,0,4,1
2035,7,4,1,0
1988,6,5,4,0
1002,5,2,1,0
3808,4,5,12,0
1283,3,4,0,0
1388,3,0,7,0
573,2,3,1,0
1120,2,1,2,0
1191,2,0,1,0
2748,1,3,4,0
226,1,1,1,0
2085,1,0,5,0
2078,1,0,7,0
1185,0,0,3,0
652,0,0,2,0
412,0,0,0,0
294,0,0,0,0
79,0,0,0,0
78,0,0,0,0
226,1,0,2,0
2291,7,2,4,0
1588,5,1,5,0
1243,0,0,2,0
56,0,0,0,0
9,0,0,0,0
1433,4,2,1,0
55,0,0,0,0
45,0,0,0,0
4728,4,7,4,0
6,0,0,0,0
4672,23,7,15,0
3427,8,11,7,0
1709,7,2,5,0
4012,6,8,11,1
2007,5,0,2,0
1963,3,5,6,0
960,3,3,2,0
2277,2,7,2,0
1257,2,3,4,1
2987,2,2,7,0
2405,2,1,4,0
1569,2,1,6,0
2223,2,0,6,0
1558,2,0,3,0
1601,1,3,2,1
616,1,0,0,1
1558,0,7,4,0
1232,0,4,0,0
3017,0,3,4,0
977,0,2,2,0
980,0,1,4,0
449,0,1,1,0
1371,0,0,6,0
1154,0,0,4,0
405,0,0,1,0
361,0,0,0,0
214,0,0,0,0
144,0,0,0,0
1815,0,1,4,0
351,1,0,2,0
3558,6,5,11,0
856,3,3,1,0
1444,2,4,2,0
1873,2,0,2,0
650,2,0,1,0
417,2,0,1,0
2672,1,3,12,1
105,1,1,1,0
1212,1,0,2,0
805,0,0,0,0
30,0,0,1,0
60,0,0,0,0
2100,7,3,3,0
968,0,0,3,0
8,0,0,0,0
34,0,0,0,0
3023,17,3,1,0
2535,15,6,4,0
1255,14,2,3,0
2231,9,1,7,0
1444,8,3,4,1
2233,7,6,1,0
1192,4,6,2,0
1069,4,3,0,0
1495,4,2,3,0
423,4,1,1,0
2019,3,3,2,0
3092,2,3,6,0
1980,2,3,4,0
1960,2,3,3,0
3478,2,2,15,0
1579,2,1,4,0
670,2,0,1,0
2557,1,1,10,0
1783,0,1,2,0
928,0,1,1,0
432,0,1,0,0
2250,0,0,1,0
2208,0,0,6,1
1594,0,0,2,0
1084,0,0,8,0
844,0,0,1,0
805,0,0,4,0
301,0,0,2,0
239,0,0,0,0
173,0,0,0,0
150,0,0,1,0
90,0,0,0,0
2279,2,5,8,0
1171,2,3,5,0
3847,1,1,10,1
2073,10,3,2,0
2144,7,2,1,0
1589,6,0,3,0
2140,3,4,3,0
353,3,2,0,0
906,2,2,1,1
2603,1,4,2,0
1742,1,0,6,1
1237,0,0,3,0
909,0,0,3,0
771,0,0,0,0
447,0,0,1,1
275,0,0,1,0
42,0,0,2,0
15,0,0,0,0
2101,1,1,10,0
270,0,1,0,0
2575,2,0,4,0
2647,2,0,8,0
125,0,1,2,0
2630,1,0,4,0
2734,6,7,5,0
1401,5,5,0,0
3044,5,2,8,0
4059,3,7,8,0
2892,3,2,8,0
708,3,1,0,0
732,3,0,5,0
4175,2,4,8,1
2813,2,3,4,0
517,2,1,3,0
393,2,1,1,0
3221,1,2,7,0
900,1,1,1,0
608,1,1,4,0
1930,1,0,1,0
1022,1,0,5,0
356,1,0,1,0
164,1,0,1,0
1831,0,0,0,0
1495,0,0,3,0
714,0,0,1,0
510,0,0,2,0
203,0,0,1,0
139,0,0,1,0
106,0,0,0,0
71,0,0,1,0
62,0,0,0,0
45,0,0,0,0
25,0,0,0,0
23,0,0,0,0
13,0,0,1,0
1602,4,1,2,0
1757,2,0,2,0
2942,2,1,4,0
167,0,0,0,0
101,0,0,0,0
402,6,2,1,0
259,2,1,2,0
4140,0,0,1,0
1516,6,3,4,0
1225,5,2,1,0
902,5,1,6,1
1624,4,3,1,0
1537,3,1,5,0
2114,1,1,9,0
568,1,1,0,0
380,1,1,0,0
1050,1,0,2,0
748,1,0,0,0
1959,0,3,2,1
665,0,2,5,0
236,0,1,1,0
183,0,1,0,0
2444,0,0,3,0
1852,0,0,5,0
1530,0,0,0,0
1170,0,0,1,0
450,0,0,2,0
431,0,0,5,0
199,0,0,2,0
45,0,0,0,0
45,0,0,0,0
35,0,0,1,0
570,0,0,0,0
1031,8,2,3,0
1996,13,2,4,0
515,4,0,0,0
8,0,0,0,0
2393,0,0,4,1
770,1,2,0,0
975,0,0,6,0
404,0,0,0,0
900,0,0,0,0
2183,13,3,6,0
2759,11,7,2,0
2119,9,2,1,0
1192,9,1,4,0
1807,7,1,3,1
663,6,2,3,0
2361,4,2,6,1
266,4,2,1,0
703,3,5,0,0
292,3,4,1,0
1065,3,3,3,0
1523,3,2,3,0
872,3,0,0,0
1682,2,3,3,0
723,2,0,2,0
52,2,0,1,0
1931,1,5,4,0
1531,1,1,0,1
1468,1,1,3,0
1300,1,1,1,1
1012,1,1,3,0
742,1,1,1,0
836,1,0,4,0
610,1,0,1,0
423,1,0,1,0
395,1,0,0,0
36,1,0,0,0
903,0,3,1,0
2626,0,2,9,0
2426,0,2,6,0
559,0,2,3,0
907,0,1,3,0
431,0,1,1,0
225,0,1,0,0
1248,0,0,4,0
563,0,0,3,0
510,0,0,1,0
423,0,0,0,0
241,0,0,1,0
207,0,0,1,0
195,0,0,0,0
187,0,0,0,0
96,0,0,0,0
52,0,0,0,0
10,0,0,1,0
1291,1,1,2,0
714,2,1,1,0
5832,1,3,17,0
289,1,2,2,0
1022,1,1,2,0
1089,0,1,4,0
1080,1,1,0,0
1509,4,2,2,0
1453,4,1,5,0
1049,2,1,3,0
1905,0,1,2,0
612,0,1,0,0
2018,0,0,3,0
295,0,0,0,0
197,0,0,0,0
165,0,0,0,0
336,3,1,1,0
866,7,3,5,1
1083,2,1,1,0
1788,1,1,9,0
517,1,1,1,0
8384,8,7,31,1
1,0,0,0,0
1238,1,2,0,0
1534,0,1,3,0
416,0,0,1,0
2097,17,3,1,0
4334,11,8,7,0
4873,6,4,16,0
1409,6,3,0,0
873,3,3,1,0
1495,3,1,5,0
1889,2,2,7,0
1450,2,2,1,0
849,2,0,4,0
213,2,0,1,0
2109,1,2,5,0
1415,1,2,1,0
750,1,2,2,0
745,1,0,1,0
5087,0,10,19,0
2351,0,2,5,0
1715,0,1,2,0
144,0,1,0,0
3459,0,0,0,1
2010,0,0,0,0
1493,0,0,7,0
564,0,0,0,0
355,0,0,3,0
306,0,0,0,0
283,0,0,0,0
238,0,0,1,0
234,0,0,0,0
191,0,0,0,0
82,0,0,0,0
66,0,0,0,0
26,0,0,0,0
23,0,0,0,0
10,0,0,0,0
1343,0,0,1,0
394,2,3,1,0
514,1,0,0,0
364,1,0,4,0
1143,0,2,4,0
2273,5,4,3,0
1833,2,1,6,0
507,0,1,1,0
118,0,0,0,0
70,0,0,0,0
40,0,0,0,0
767,0,1,0,0
1003,3,2,2,0
1666,10,5,2,0
843,9,1,3,0
1185,6,6,0,0
1956,5,12,1,0
2198,5,2,4,0
1065,2,1,0,0
517,1,2,1,0
446,1,2,1,0
374,1,2,1,0
1419,1,0,4,0
983,1,0,4,0
819,1,0,1,1
72,1,0,0,0
2931,0,1,15,2
622,0,0,1,0
398,0,0,0,0
90,0,0,0,0
424,2,1,2,0
576,0,0,2,0
29,0,0,0,0
4035,12,10,13,0
2021,7,3,2,0
1341,7,1,2,0
2138,5,4,2,0
1969,5,3,4,0
1179,5,2,1,0
616,5,0,3,0
1431,4,4,2,0
1636,4,3,1,0
934,4,0,0,0
962,3,0,2,0
2645,2,4,12,0
2557,1,3,5,0
1255,1,0,2,0
741,1,0,4,0
396,1,0,1,0
57,1,0,1,0
32,1,0,0,0
1257,0,3,1,0
1667,0,1,2,0
1459,0,1,7,0
1277,0,1,4,0
531,0,1,1,0
256,0,1,0,0
1620,0,0,2,0
1377,0,0,0,0
1060,0,0,3,0
697,0,0,1,0
691,0,0,0,0
461,0,0,2,0
369,0,0,2,0
360,0,0,1,0
313,0,0,0,0
255,0,0,0,0
233,0,0,1,0
158,0,0,0,0
158,0,0,0,0
131,0,0,0,0
90,0,0,0,0
59,0,0,0,0
35,0,0,0,0
19,0,0,0,0
14,0,0,0,0
2,0,0,0,0
541,0,1,3,0
799,0,0,2,0
3498,4,4,11,0
1416,9,2,2,0
1507,4,3,2,1
3064,1,5,5,0
737,1,3,1,0
90,1,1,0,0
190,0,0,1,0
92,0,0,1,0
80,0,0,0,0
3,0,0,0,0
338,0,1,2,0
3807,9,3,9,0
1396,1,0,3,0
923,0,0,0,0
213,0,0,0,0
154,0,0,1,0
2469,8,7,1,0
2922,2,1,3,0
654,1,1,2,0
1251,1,0,5,0
288,1,0,2,0
3262,0,2,11,0
990,0,0,1,0
450,0,0,0,0
320,0,0,1,0
102,0,0,1,0
101,0,0,1,0
33,0,0,2,0
294,1,0,0,0
2288,0,0,7,0
245,0,0,0,0
45,0,0,1,0
2925,9,6,8,0
1423,7,3,4,0
1327,6,0,2,0
912,5,1,2,0
1415,3,1,4,0
1043,2,2,0,0
425,2,1,0,0
1644,2,0,2,1
814,1,2,2,0
1758,0,3,0,1
57,0,1,0,0
630,0,0,0,0
298,0,0,0,0
168,0,0,0,0
343,0,0,0,0
638,2,2,0,0
1210,4,2,3,0
1080,1,1,3,1
828,1,1,0,0
318,0,0,0,0
32,0,0,0,0
1941,11,2,2,0
1833,5,1,3,0
1165,4,3,1,0
1721,3,0,3,0
501,2,1,2,0
1175,1,4,0,0
814,1,2,1,1
556,0,1,2,0
914,0,0,2,0
350,0,0,2,0
90,0,0,0,0
72,0,0,0,0
45,0,0,0,0
526,0,1,0,0
241,0,1,0,0
705,4,4,0,0
1543,1,1,4,0
1350,7,3,3,0
836,5,5,2,1
532,5,0,3,0
1541,4,2,2,0
2320,3,3,6,0
1815,3,2,6,0
2821,2,3,4,0
4506,2,2,10,0
1077,2,2,1,0
3383,2,0,10,0
1719,1,4,8,0
689,1,2,2,0
1155,1,1,2,1
917,1,1,4,0
1130,0,4,9,0
813,0,2,1,0
294,0,1,0,0
2220,0,0,1,0
2070,0,0,4,0
1790,0,0,1,0
1591,0,0,7,0
1121,0,0,6,0
993,0,0,2,0
828,0,0,0,0
777,0,0,0,0
572,0,0,1,0
360,0,0,0,0
319,0,0,1,1
267,0,0,1,0
258,0,0,0,0
143,0,0,1,0
109,0,0,2,0
105,0,0,0,0
90,0,0,0,0
48,0,0,0,0
28,0,0,0,0
26,0,0,0,0
21,0,0,1,0
2,0,0,0,0
1533,0,1,4,0
1156,0,1,2,0
590,0,1,0,0
1522,0,0,1,0
178,0,0,1,0
138,0,0,0,0
47,0,0,1,0
593,1,0,0,0
360,0,0,1,0
1006,0,2,2,0
1535,12,4,7,0
4313,11,12,5,0
1854,11,8,5,0
1918,10,1,1,0
4381,4,2,14,0
6127,3,2,8,0
1106,3,0,4,0
2280,2,1,4,0
276,2,0,0,0
2746,1,3,5,0
2222,0,1,5,1
180,0,0,0,0
92,0,0,1,0
92,0,0,1,0
1467,0,3,1,0
2266,0,1,10,0
1778,6,2,4,0
1687,4,2,2,0
259,3,1,0,0
3010,0,1,9,0
923,0,1,4,0
866,0,0,3,0
571,0,0,0,0
483,0,0,1,0
470,0,0,1,0
217,0,0,0,0
137,0,0,0,0
40,0,0,0,0
19,0,0,0,0
18,0,0,0,0
279,0,0,0,0
893,5,1,3,0
1510,6,2,7,0
1162,4,2,2,0
923,4,0,4,0
2539,3,4,9,0
1047,2,0,2,0
1173,1,1,3,0
2370,1,0,7,0
663,1,0,3,1
354,1,0,1,0
1604,0,1,1,1
971,0,1,1,0
1846,0,0,1,1
1764,0,0,3,0
1564,0,0,0,0
1121,0,0,2,0
630,0,0,0,0
450,0,0,0,0
231,0,0,0,0
140,0,0,1,0
132,0,0,0,0
23,0,0,0,0
1887,1,0,7,0
2128,0,1,7,0
38,0,0,1,0
964,7,4,1,0
1408,1,2,2,0
2420,1,0,4,0
1712,1,0,5,0
1390,0,2,0,0
1582,0,1,1,0
165,0,1,0,0
2550,0,0,6,0
984,0,0,3,0
180,0,0,0,0
240,1,0,0,0
1440,0,0,0,0
1666,9,5,1,0
682,1,0,3,0
7546,13,8,18,0
1400,7,1,1,0
1470,4,5,7,0
5619,3,5,15,0
794,3,0,2,0
974,2,3,1,0
1400,2,2,1,0
1092,2,0,1,0
265,2,0,1,0
1308,1,2,2,0
863,1,1,3,0
135,1,0,1,0
2056,0,3,9,0
974,0,2,2,0
1360,0,1,2,0
290,0,1,0,0
1316,0,0,4,0
1197,0,0,0,0
360,0,0,0,0
136,0,0,1,2
91,0,0,0,0
11,0,0,0,0
1496,1,0,1,0
270,0,1,1,0
1620,0,0,1,0
1610,2,1,3,1
2275,0,1,4,0
458,0,0,3,0
1494,1,0,2,0
376,0,1,0,0
1440,0,0,0,0
932,0,0,0,0
900,0,0,1,0
355,0,0,4,0
260,0,0,0,0
189,0,0,1,0
98,0,0,1,0
28,0,0,0,0
11,0,0,0,0
10,0,0,0,0
104,0,0,0,0
429,1,0,1,0
23,0,0,1,0
225,0,0,0,0
1747,6,6,4,0
953,0,0,1,0
960,3,0,2,0
1354,2,2,7,0
2124,1,0,7,0
1351,0,1,1,0
1241,0,0,3,0
270,0,0,0,0
171,0,0,1,0
113,0,0,1,0
111,0,0,0,0
70,0,0,0,0
34,0,0,0,0
32,0,0,0,0
15,0,0,2,0
14,0,0,0,0
640,1,0,1,0
797,1,0,4,0
45,0,0,0,0
832,1,0,0,0
1448,0,0,8,0
455,0,0,0,0
800,3,0,1,1
1698,0,0,4,0
90,0,0,0,0
17,0,0,0,0
1807,4,2,8,0
595,0,0,2,1
27317,124,71,35,2
15761,113,47,14,0
25292,99,52,39,1
9613,76,18,23,1
9062,68,23,17,0
20513,65,39,36,0
21921,62,39,28,0
9982,52,13,14,2
8469,50,15,9,1
13466,47,25,22,0
11892,45,33,42,1
11732,44,40,14,0
27176,44,25,87,0
8614,40,21,14,0
4485,35,9,11,0
10095,34,24,23,0
8349,32,7,20,0
6808,31,13,9,0
5637,30,7,15,0
5916,30,2,11,2
4789,30,2,15,0
6845,28,13,16,0
3497,28,4,3,0
6107,27,21,5,0
16145,25,19,53,0
4903,24,2,13,0
4310,24,2,2,0
2186,23,5,6,0
2855,23,4,2,0
8649,22,19,7,0
5315,22,12,9,0
3165,22,4,3,0
2522,21,1,8,0
9746,20,14,19,0
5338,20,5,11,0
13768,19,16,20,0
5299,19,12,13,0
1880,19,3,6,0
5708,18,10,14,0
4818,18,9,10,0
3162,18,8,3,0
5468,17,14,13,0
3761,17,5,6,0
2942,17,5,3,0
5376,17,3,7,1
2348,17,3,8,0
5826,16,12,3,0
5514,16,7,20,0
2464,16,7,4,0
5718,16,6,12,0
4672,16,4,4,0
3432,16,4,4,0
1866,16,2,3,0
3105,16,1,5,0
21148,15,30,55,0
9254,15,25,12,1
4107,15,13,11,0
5793,14,10,17,2
3309,14,4,9,0
2092,14,0,3,0
19717,13,32,41,0
4066,13,22,12,0
5963,13,16,9,0
7318,13,15,16,0
5347,13,11,13,0
4993,13,10,4,0
4789,13,8,10,0
2145,13,0,1,0
4295,12,9,8,0
3984,12,8,9,0
3881,12,7,2,0
7429,12,6,19,1
4877,12,6,0,0
1967,12,6,3,0
1967,12,6,3,0
4930,12,5,12,0
3677,12,5,16,0
3476,12,5,9,0
5242,12,4,17,0
1980,12,4,3,0
2135,12,3,5,0
3654,12,2,16,1
2085,12,2,8,0
2126,12,0,2,0
1064,12,0,3,0
3244,11,6,7,0
2318,11,6,1,0
1999,11,6,14,1
8623,11,5,32,0
5127,11,5,13,0
1307,11,3,2,0
2466,11,2,4,0
11322,11,1,22,0
1826,11,0,1,1
11622,10,28,18,1
20117,10,21,51,2
7681,10,14,19,0
5424,10,12,12,0
11347,10,11,53,0
11773,10,10,6,0
2953,10,9,5,0
4814,10,8,2,0
4737,10,8,3,1
2145,10,8,4,0
2402,10,5,7,0
2747,10,3,0,0
1813,10,2,2,0
1813,10,2,5,0
1631,10,2,3,0
1710,10,1,2,0
14959,9,17,44,0
12809,9,15,27,0
7182,9,12,14,1
5576,9,11,12,0
5534,9,10,12,0
1998,9,10,6,0
3091,9,8,17,0
2214,9,6,2,0
2141,9,6,2,1
2702,9,4,5,0
2673,9,4,5,0
2634,9,4,8,0
2634,9,4,8,0
1942,9,4,2,0
1826,9,4,9,0
1401,9,4,3,0
2139,9,3,2,0
1668,9,3,0,0
1067,9,3,4,0
1403,9,2,2,0
2766,9,1,10,0
2099,9,1,4,1
2052,9,1,7,0
1890,9,1,10,0
1763,9,1,0,0
843,9,1,3,0
1878,9,0,2,0
11385,8,12,37,0
1826,8,8,5,0
3250,8,7,7,0
3043,8,5,6,0
2486,8,4,3,0
1436,8,4,1,0
1329,8,4,5,0
2410,8,3,3,0
1734,8,3,6,0
1599,8,3,7,0
2696,8,2,10,0
1645,8,2,1,0
1804,8,1,7,0
1273,8,1,2,0
1090,8,1,1,0
1004,8,0,0,0
10330,7,17,29,0
7969,7,14,22,1
7572,7,11,23,0
4407,7,11,6,0
4252,7,11,4,0
3522,7,10,5,0
3047,7,7,3,0
4222,7,6,2,0
3967,7,5,10,0
1563,7,5,1,0
1415,7,5,0,0
9699,7,4,15,0
6544,7,4,16,0
2928,7,4,12,0
2288,7,4,7,0
12009,7,3,42,1
4301,7,3,10,2
2207,7,3,4,0
884,7,3,3,0
12816,7,2,19,2
4245,7,2,15,0
2385,7,2,6,1
1806,7,2,5,1
1565,7,2,2,0
1514,7,2,7,0
1408,7,2,3,0
1384,7,2,2,0
1078,7,2,0,1
816,7,2,1,0
717,7,2,1,0
1979,7,1,4,0
1563,7,1,0,0
1492,7,1,2,0
1291,7,1,4,0
611,7,1,1,0
6518,7,0,12,0
383,7,0,0,0
6721,6,16,22,1
7726,6,11,29,1
2011,6,9,0,0
4347,6,6,14,1
1459,6,6,4,0
4158,6,5,3,0
2437,6,5,1,0
1285,6,5,5,0
6786,6,4,26,1
1216,6,4,3,0
2209,6,3,3,0
1852,6,3,4,0
1714,6,3,2,0
1477,6,3,6,0
1186,6,3,2,0
1106,6,3,2,0
927,6,3,0,0
2093,6,2,3,0
1883,6,2,3,0
1848,6,2,2,0
1799,6,2,3,0
1775,6,2,5,0
1586,6,2,3,0
1513,6,2,7,0
1508,6,2,2,0
1435,6,2,3,1
1306,6,2,1,0
1248,6,2,3,0
1095,6,2,4,0
2099,6,1,2,0
1854,6,1,6,0
1701,6,1,0,0
1645,6,1,10,1
1381,6,1,1,0
1320,6,1,3,1
985,6,1,3,0
971,6,1,1,0
1297,6,0,2,0
1141,6,0,1,0
24439,5,21,30,1
5410,5,20,5,0
9854,5,7,34,0
3277,5,7,11,1
2260,5,6,5,0
3357,5,5,13,0
2079,5,5,3,0
1725,5,5,7,0
995,5,5,0,1
4162,5,4,7,0
2886,5,4,4,0
2683,5,4,4,0
2054,5,4,2,0
1652,5,4,2,0
3125,5,3,6,0
2383,5,3,6,0
2277,5,3,8,1
1725,5,3,4,0
1693,5,3,1,1
1479,5,3,8,0
1425,5,3,3,0
1423,5,3,2,0
916,5,3,3,0
5600,5,2,9,0
4717,5,2,15,2
2493,5,2,10,0
1959,5,2,2,1
1900,5,2,2,0
1628,5,2,3,0
1229,5,2,0,0
1211,5,2,1,0
1174,5,2,1,0
1063,5,2,2,0
794,5,2,0,0
763,5,2,0,0
319,5,2,1,0
8992,5,1,23,0
8992,5,1,23,0
7932,5,1,16,2
1685,5,1,3,0
1673,5,1,3,0
1589,5,1,4,0
1462,5,1,2,0
1419,5,1,6,2
1376,5,1,1,0
1262,5,1,1,0
1192,5,1,1,0
1056,5,1,2,0
1036,5,1,5,0
1036,5,1,5,0
962,5,1,0,1
915,5,1,2,0
463,5,1,0,0
455,5,1,0,0
1310,5,0,3,0
973,5,0,2,0
847,5,0,1,1
794,5,0,2,0
730,5,0,3,0
556,5,0,4,0
423,5,0,1,1
423,5,0,1,1
5157,4,17,9,0
3861,4,7,10,0
10482,4,6,29,2
2218,4,6,0,0
1882,4,6,6,0
1138,4,6,4,0
7448,4,5,15,0
6743,4,5,12,1
1070,4,5,1,0
3507,4,4,10,0
1899,4,4,3,0
1751,4,4,1,0
1707,4,4,2,0
918,4,4,3,0
764,4,4,0,0
5190,4,3,6,0
2416,4,3,6,0
2232,4,3,7,0
1899,4,3,3,0
1764,4,3,4,0
1360,4,3,9,1
1284,4,3,3,0
1184,4,3,2,0
784,4,3,4,0
10622,4,2,15,0
8401,4,2,25,1
3995,4,2,8,0
2554,4,2,1,0
2060,4,2,6,0
1974,4,2,5,0
1930,4,2,9,0
1791,4,2,7,0
1469,4,2,9,0
1324,4,2,2,0
1297,4,2,6,1
1279,4,2,3,1
1272,4,2,2,1
1131,4,2,1,0
4223,4,1,7,0
1928,4,1,3,0
1852,4,1,5,0
1832,4,1,7,0
1386,4,1,1,0
1283,4,1,3,0
1112,4,1,1,0
1036,4,1,2,0
896,4,1,3,0
826,4,1,0,0
786,4,1,0,0
632,4,1,2,0
632,4,1,2,0
4465,4,0,7,0
3606,4,0,16,1
2730,4,0,3,0
1720,4,0,3,1
1583,4,0,3,0
1278,4,0,4,0
1243,4,0,2,0
1221,4,0,6,0
1148,4,0,0,0
1126,4,0,3,0
909,4,0,4,0
882,4,0,2,0
784,4,0,2,0
643,4,0,4,0
626,4,0,3,0
592,4,0,5,0
538,4,0,1,0
5754,3,15,6,0
7283,3,12,10,0
1814,3,9,1,1
3507,3,8,9,0
2773,3,8,1,0
2394,3,8,1,0
2123,3,8,3,1
1702,3,8,2,0
3029,3,7,7,0
2873,3,7,9,1
2851,3,7,12,0
1791,3,6,5,0
1779,3,6,1,0
1558,3,6,5,0
1477,3,6,1,0
3613,3,5,10,0
3128,3,5,12,0
2050,3,5,6,0
1987,3,5,4,0
1714,3,5,4,0
1687,3,5,0,0
1605,3,5,6,0
1576,3,5,2,0
703,3,5,0,0
6325,3,4,30,3
5887,3,4,17,0
3018,3,4,3,0
2502,3,4,7,0
1897,3,4,4,0
1586,3,4,3,0
1498,3,4,0,0
1492,3,4,4,0
1459,3,4,2,0
1259,3,4,7,0
1098,3,4,3,0
871,3,4,6,0
10224,3,3,36,0
7569,3,3,12,0
4579,3,3,13,1
4579,3,3,13,1
1844,3,3,8,0
1792,3,3,0,0
1495,3,3,5,0
1340,3,3,4,0
1326,3,3,4,0
1188,3,3,3,1
1111,3,3,5,0
1105,3,3,1,0
1092,3,3,9,0
1035,3,3,1,0
946,3,3,3,0
925,3,3,3,0
563,3,3,5,0
2429,3,2,9,0
2374,3,2,8,0
2233,3,2,5,0
1883,3,2,2,0
1528,3,2,5,0
1519,3,2,5,0
1341,3,2,1,0
1296,3,2,2,0
1255,3,2,1,0
1239,3,2,3,0
1230,3,2,2,0
1182,3,2,2,0
1142,3,2,5,0
1123,3,2,5,0
1121,3,2,0,0
1097,3,2,0,0
1085,3,2,1,0
1071,3,2,1,0
1055,3,2,2,1
1037,3,2,3,1
803,3,2,6,0
607,3,2,2,0
334,3,2,2,0
334,3,2,2,0
10629,3,1,16,1
10086,3,1,17,1
4199,3,1,7,0
2357,3,1,5,0
2290,3,1,4,0
2083,3,1,5,0
1734,3,1,6,0
1694,3,1,4,0
1606,3,1,2,0
1601,3,1,0,0
1534,3,1,2,0
1467,3,1,1,0
1431,3,1,5,0
1327,3,1,0,0
1325,3,1,2,0
1274,3,1,3,0
1243,3,1,7,0
1157,3,1,0,0
1145,3,1,7,0
1143,3,1,3,0
1139,3,1,1,0
1136,3,1,3,0
1123,3,1,2,0
1082,3,1,1,0
965,3,1,2,0
938,3,1,6,0
873,3,1,0,0
838,3,1,1,0
838,3,1,5,1
507,3,1,0,0
478,3,1,2,0
451,3,1,0,0
388,3,1,3,0
313,3,1,1,0
306,3,1,0,0
223,3,1,1,0
2536,3,0,2,0
1787,3,0,5,0
1737,3,0,2,3
1719,3,0,8,0
1572,3,0,2,0
1572,3,0,5,0
1428,3,0,2,1
1326,3,0,2,0
1323,3,0,1,0
1243,3,0,1,0
1200,3,0,8,0
1112,3,0,1,0
1082,3,0,1,0
1048,3,0,1,0
1040,3,0,1,0
899,3,0,2,0
826,3,0,2,0
773,3,0,2,0
674,3,0,1,1
637,3,0,0,0
540,3,0,1,0
482,3,0,3,0
480,3,0,1,0
413,3,0,1,0
389,3,0,1,0
246,3,0,0,0
209,3,0,0,0
181,3,0,1,0
9191,2,10,27,0
1956,2,8,4,0
6625,2,7,17,1
6372,2,7,10,0
3146,2,7,1,0
2049,2,7,2,0
1142,2,7,1,0
2560,2,6,3,0
6204,2,5,6,0
3103,2,5,8,0
2734,2,5,10,0
2072,2,5,7,0
1636,2,5,4,0
1183,2,5,3,1
1146,2,5,0,0
8109,2,4,25,0
7822,2,4,9,1
2098,2,4,0,0
2008,2,4,2,0
1941,2,4,6,0
1700,2,4,4,0
1476,2,4,1,0
1462,2,4,2,0
911,2,4,2,0
548,2,4,3,0
288,2,4,1,0
2738,2,3,3,0
2635,2,3,5,0
2589,2,3,8,0
2442,2,3,7,1
2365,2,3,8,0
2259,2,3,10,0
2156,2,3,5,0
2138,2,3,1,0
1958,2,3,5,0
1922,2,3,0,1
1859,2,3,3,0
1571,2,3,0,0
1368,2,3,7,0
1161,2,3,0,0
1127,2,3,2,0
1025,2,3,3,0
854,2,3,0,0
847,2,3,2,0
747,2,3,1,0
722,2,3,1,0
715,2,3,1,0
544,2,3,0,0
10184,2,2,17,2
8631,2,2,23,2
4030,2,2,12,0
2315,2,2,7,0
2141,2,2,9,0
1973,2,2,6,1
1889,2,2,2,0
1714,2,2,3,0
1593,2,2,1,0
1568,2,2,1,1
1553,2,2,2,0
1539,2,2,7,0
1486,2,2,5,0
1440,2,2,9,0
1422,2,2,3,1
1395,2,2,3,0
1366,2,2,8,0
1293,2,2,2,0
1260,2,2,2,0
1166,2,2,3,0
1094,2,2,2,0
1015,2,2,3,0
1001,2,2,2,0
944,2,2,5,0
913,2,2,1,0
868,2,2,2,0
759,2,2,4,0
737,2,2,0,0
700,2,2,3,0
669,2,2,4,0
507,2,2,2,0
504,2,2,1,1
479,2,2,3,0
383,2,2,0,0
6686,2,1,12,0
3295,2,1,5,0
3047,2,1,10,0
2519,2,1,6,1
2095,2,1,5,0
2061,2,1,7,0
2017,2,1,4,0
1878,2,1,1,0
1765,2,1,1,0
1672,2,1,3,0
1667,2,1,0,0
1636,2,1,6,0
1573,2,1,5,0
1534,2,1,4,0
1528,2,1,3,0
1440,2,1,6,0
1439,2,1,6,0
1314,2,1,3,0
1313,2,1,6,0
1190,2,1,2,0
1174,2,1,1,0
1107,2,1,5,0
1071,2,1,3,0
1049,2,1,3,0
1027,2,1,6,1
999,2,1,4,0
997,2,1,1,0
997,2,1,3,0
996,2,1,2,0
976,2,1,6,0
896,2,1,0,0
882,2,1,1,0
881,2,1,1,0
853,2,1,0,0
815,2,1,1,0
815,2,1,2,0
813,2,1,1,0
779,2,1,1,0
760,2,1,2,0
756,2,1,0,0
735,2,1,0,0
718,2,1,1,0
707,2,1,2,0
701,2,1,1,0
642,2,1,1,0
630,2,1,2,0
630,2,1,3,0
575,2,1,0,0
572,2,1,1,0
527,2,1,3,0
523,2,1,0,1
497,2,1,3,0
443,2,1,0,0
392,2,1,3,0
391,2,1,0,0
378,2,1,2,0
360,2,1,1,0
351,2,1,1,0
335,2,1,0,0
335,2,1,0,0
323,2,1,1,0
288,2,1,2,0
251,2,1,1,0
234,2,1,0,0
107,2,1,0,0
4558,2,0,18,0
4159,2,0,5,1
2604,2,0,2,0
2252,2,0,4,1
2205,2,0,4,0
2201,2,0,8,0
2138,2,0,9,1
2101,2,0,3,0
2094,2,0,7,0
2022,2,0,5,1
2015,2,0,3,0
2010,2,0,9,0
2004,2,0,0,0
1907,2,0,6,0
1905,2,0,1,0
1767,2,0,7,0
1653,2,0,1,0
1607,2,0,5,0
1527,2,0,4,0
1435,2,0,2,0
1377,2,0,2,0
1340,2,0,0,0
1267,2,0,6,0
1125,2,0,3,0
1087,2,0,10,0
1076,2,0,4,0
1072,2,0,3,0
1003,2,0,1,0
846,2,0,1,0
840,2,0,0,0
834,2,0,2,0
808,2,0,1,0
744,2,0,3,0
662,2,0,3,0
651,2,0,0,0
650,2,0,1,0
641,2,0,2,0
629,2,0,1,0
509,2,0,1,0
502,2,0,1,0
498,2,0,4,0
493,2,0,1,0
487,2,0,0,0
484,2,0,0,0
483,2,0,0,0
465,2,0,0,0
456,2,0,1,0
430,2,0,0,0
416,2,0,0,0
411,2,0,0,0
407,2,0,1,0
379,2,0,0,0
349,2,0,0,0
343,2,0,1,0
312,2,0,0,0
308,2,0,0,0
294,2,0,1,0
282,2,0,1,0
267,2,0,1,0
242,2,0,0,0
217,2,0,1,0
217,2,0,1,0
205,2,0,0,0
147,2,0,0,0
147,2,0,0,0
137,2,0,0,0
126,2,0,0,0
125,2,0,3,0
121,2,0,0,0
75,2,0,0,0
65,2,0,0,0
5470,1,7,7,0
4343,1,7,7,0
2889,1,7,9,0
2716,1,7,4,0
1759,1,7,3,0
6526,1,6,16,0
3846,1,6,6,1
2437,1,6,5,0
2253,1,6,6,0
1287,1,6,5,1
3994,1,5,9,1
1859,1,5,3,0
1387,1,5,3,0
773,1,5,2,0
3300,1,4,12,0
1885,1,4,3,0
1616,1,4,0,1
1242,1,4,2,0
954,1,4,5,0
677,1,4,3,0
6701,1,3,15,0
2293,1,3,5,1
2098,1,3,4,0
2046,1,3,0,0
2011,1,3,4,0
1904,1,3,7,0
1879,1,3,2,0
1715,1,3,4,0
1478,1,3,1,0
1460,1,3,5,0
1213,1,3,4,0
1055,1,3,1,0
857,1,3,3,0
834,1,3,3,0
754,1,3,0,0
754,1,3,0,0
424,1,3,0,0
142,1,3,0,0
6498,1,2,13,0
6028,1,2,12,0
2737,1,2,2,0
2695,1,2,2,0
2322,1,2,3,0
2184,1,2,5,0
2166,1,2,7,0
2155,1,2,2,0
2000,1,2,5,0
1972,1,2,3,0
1959,1,2,5,0
1933,1,2,2,0
1856,1,2,7,0
1548,1,2,1,0
1456,1,2,3,0
1450,1,2,5,0
1442,1,2,5,0
1442,1,2,5,0
1439,1,2,10,0
1403,1,2,2,0
1397,1,2,4,0
1375,1,2,1,0
1315,1,2,2,0
1313,1,2,2,0
1222,1,2,4,0
1144,1,2,1,0
1122,1,2,3,0
1056,1,2,1,0
1003,1,2,2,0
971,1,2,4,0
957,1,2,3,0
940,1,2,1,0
939,1,2,2,0
930,1,2,6,0
917,1,2,0,0
910,1,2,3,0
887,1,2,0,0
854,1,2,1,0
757,1,2,2,0
733,1,2,3,0
680,1,2,1,0
635,1,2,0,0
608,1,2,1,0
607,1,2,0,0
592,1,2,0,0
555,1,2,0,0
554,1,2,3,0
527,1,2,2,0
419,1,2,1,0
384,1,2,1,0
358,1,2,1,0
277,1,2,0,0
174,1,2,0,0
146,1,2,1,0
6982,1,1,14,2
6504,1,1,26,0
4576,1,1,12,0
4233,1,1,7,2
3489,1,1,7,0
3247,1,1,8,0
2900,1,1,7,0
2640,1,1,11,0
2576,1,1,5,0
2497,1,1,8,0
2382,1,1,4,1
2281,1,1,7,0
2239,1,1,7,0
2218,1,1,2,1
2168,1,1,2,0
2076,1,1,3,0
2052,1,1,6,0
1951,1,1,5,0
1933,1,1,5,0
1915,1,1,13,0
1890,1,1,1,0
1872,1,1,6,0
1797,1,1,5,0
1778,1,1,1,0
1747,1,1,3,0
1734,1,1,4,0
1714,1,1,2,0
1714,1,1,2,0
1667,1,1,3,0
1648,1,1,4,0
1629,1,1,5,0
1628,1,1,7,1
1577,1,1,1,0
1566,1,1,5,0
1472,1,1,5,0
1455,1,1,1,0
1389,1,1,3,0
1388,1,1,4,0
1331,1,1,0,0
1324,1,1,3,0
1324,1,1,5,0
1310,1,1,2,1
1301,1,1,4,0
1272,1,1,0,0
1242,1,1,1,0
1228,1,1,6,0
1227,1,1,3,1
1207,1,1,3,0
1206,1,1,2,0
1173,1,1,5,0
1160,1,1,1,0
1150,1,1,1,0
1116,1,1,7,0
1088,1,1,6,1
1083,1,1,0,0
1069,1,1,3,0
1028,1,1,3,0
1020,1,1,3,0
1017,1,1,6,0
950,1,1,2,0
933,1,1,2,0
933,1,1,3,0
921,1,1,2,0
903,1,1,2,0
903,1,1,2,0
879,1,1,1,0
867,1,1,3,0
851,1,1,0,0
783,1,1,1,0
765,1,1,4,0
748,1,1,2,0
743,1,1,1,0
741,1,1,1,0
730,1,1,2,0
714,1,1,0,0
707,1,1,5,0
697,1,1,2,0
687,1,1,0,0
687,1,1,1,0
666,1,1,4,0
662,1,1,3,0
646,1,1,2,0
638,1,1,1,0
633,1,1,0,0
619,1,1,0,0
616,1,1,4,0
614,1,1,2,0
613,1,1,0,0
610,1,1,0,0
595,1,1,1,0
595,1,1,2,0
582,1,1,1,0
565,1,1,0,0
542,1,1,0,0
530,1,1,0,1
483,1,1,0,0
483,1,1,1,0
475,1,1,2,0
473,1,1,0,0
437,1,1,1,0
422,1,1,1,0
420,1,1,0,0
420,1,1,1,0
408,1,1,0,0
392,1,1,0,0
376,1,1,1,0
362,1,1,3,0
362,1,1,3,0
344,1,1,0,0
328,1,1,0,0
323,1,1,1,0
320,1,1,1,0
315,1,1,0,0
300,1,1,2,0
290,1,1,0,0
264,1,1,0,0
256,1,1,0,0
252,1,1,1,0
250,1,1,2,0
195,1,1,0,0
195,1,1,0,0
194,1,1,0,0
180,1,1,0,0
157,1,1,0,0
156,1,1,0,0
108,1,1,0,0
107,1,1,0,0
107,1,1,0,0
69,1,1,1,0
40,1,1,0,0
31,1,1,0,0
4380,1,0,6,0
2615,1,0,4,0
2599,1,0,9,0
2498,1,0,3,0
2420,1,0,4,0
2378,1,0,2,0
2296,1,0,10,1
2275,1,0,12,0
2250,1,0,9,0
2123,1,0,3,0
2064,1,0,4,0
2041,1,0,4,0
2033,1,0,5,0
1981,1,0,6,0
1967,1,0,1,0
1956,1,0,8,1
1898,1,0,6,0
1865,1,0,6,0
1834,1,0,6,0
1824,1,0,8,0
1811,1,0,11,0
1791,1,0,1,0
1770,1,0,3,0
1715,1,0,7,2
1662,1,0,5,0
1638,1,0,6,0
1627,1,0,2,0
1593,1,0,6,0
1588,1,0,7,1
1578,1,0,4,0
1499,1,0,4,1
1493,1,0,5,0
1467,1,0,5,1
1440,1,0,2,0
1437,1,0,5,0
1420,1,0,2,0
1413,1,0,1,0
1404,1,0,2,0
1391,1,0,2,0
1388,1,0,1,1
1350,1,0,4,0
1348,1,0,5,0
1331,1,0,2,0
1326,1,0,9,0
1317,1,0,2,0
1315,1,0,2,1
1296,1,0,4,0
1276,1,0,4,2
1275,1,0,6,0
1272,1,0,3,0
1263,1,0,4,0
1262,1,0,9,0
1249,1,0,2,0
1228,1,0,4,0
1216,1,0,3,1
1212,1,0,4,0
1197,1,0,7,0
1187,1,0,2,0
1163,1,0,0,0
1149,1,0,1,0
1146,1,0,2,0
1134,1,0,4,0
1123,1,0,3,0
1120,1,0,0,0
1120,1,0,7,0
1115,1,0,2,0
1090,1,0,4,0
1068,1,0,5,0
1046,1,0,1,0
1029,1,0,0,1
1001,1,0,1,0
983,1,0,1,0
981,1,0,2,0
969,1,0,3,0
950,1,0,2,1
949,1,0,1,1
935,1,0,0,0
932,1,0,4,0
911,1,0,2,2
906,1,0,0,0
893,1,0,4,0
893,1,0,4,0
870,1,0,5,0
868,1,0,5,0
859,1,0,5,0
849,1,0,1,0
832,1,0,0,0
824,1,0,3,0
811,1,0,3,0
810,1,0,2,0
800,1,0,0,0
797,1,0,1,0
772,1,0,4,0
759,1,0,5,0
732,1,0,2,0
731,1,0,0,0
713,1,0,1,0
705,1,0,1,0
703,1,0,0,0
667,1,0,3,0
667,1,0,3,1
658,1,0,3,1
645,1,0,0,0
645,1,0,0,0
644,1,0,3,0
634,1,0,0,0
634,1,0,1,0
630,1,0,3,1
627,1,0,1,0
624,1,0,4,0
622,1,0,2,0
622,1,0,2,0
614,1,0,2,0
610,1,0,0,0
596,1,0,2,0
581,1,0,1,0
563,1,0,2,0
544,1,0,1,0
533,1,0,1,0
526,1,0,1,0
517,1,0,2,0
516,1,0,0,0
515,1,0,0,0
507,1,0,0,0
493,1,0,2,0
491,1,0,2,0
486,1,0,2,0
469,1,0,0,0
468,1,0,1,1
468,1,0,2,0
466,1,0,4,0
447,1,0,0,1
435,1,0,5,0
425,1,0,2,0
419,1,0,2,0
414,1,0,0,0
413,1,0,3,0
410,1,0,0,0
410,1,0,1,0
410,1,0,1,0
402,1,0,3,0
399,1,0,1,0
399,1,0,1,0
399,1,0,2,0
391,1,0,0,0
388,1,0,3,0
382,1,0,2,0
371,1,0,0,0
369,1,0,3,0
364,1,0,3,0
352,1,0,2,0
349,1,0,1,0
349,1,0,3,0
347,1,0,1,0
341,1,0,2,0
339,1,0,1,0
330,1,0,0,1
329,1,0,0,0
320,1,0,0,0
318,1,0,1,0
314,1,0,0,0
303,1,0,1,0
292,1,0,0,0
282,1,0,0,0
281,1,0,3,0
270,1,0,0,0
267,1,0,0,0
266,1,0,0,0
262,1,0,0,0
260,1,0,1,0
256,1,0,1,0
252,1,0,0,0
251,1,0,1,0
250,1,0,1,0
250,1,0,1,0
241,1,0,1,0
229,1,0,0,0
225,1,0,1,0
220,1,0,2,0
206,1,0,1,0
205,1,0,0,0
202,1,0,0,0
201,1,0,0,0
195,1,0,0,0
194,1,0,0,0
194,1,0,2,0
186,1,0,0,0
183,1,0,0,0
180,1,0,0,0
165,1,0,0,0
162,1,0,0,0
161,1,0,0,0
161,1,0,0,0
160,1,0,0,0
156,1,0,0,0
145,1,0,0,0
138,1,0,1,0
137,1,0,1,0
137,1,0,1,0
135,1,0,0,0
133,1,0,0,0
133,1,0,0,0
132,1,0,0,0
131,1,0,1,0
130,1,0,1,0
129,1,0,0,0
128,1,0,1,0
127,1,0,1,0
126,1,0,0,0
117,1,0,0,0
116,1,0,0,0
114,1,0,1,0
113,1,0,0,0
95,1,0,0,0
94,1,0,1,0
92,1,0,1,0
90,1,0,0,0
88,1,0,0,0
77,1,0,0,0
77,1,0,0,0
59,1,0,0,0
51,1,0,1,0
46,1,0,0,0
46,1,0,0,0
45,1,0,1,0
43,1,0,0,0
37,1,0,0,0
33,1,0,0,0
27,1,0,0,0
26,1,0,0,0
15,1,0,0,0
15,1,0,0,0
6,1,0,0,0
6,1,0,0,0
1834,0,9,4,0
5246,0,6,11,0
1658,0,6,1,0
2150,0,5,9,0
1892,0,5,3,0
1744,0,5,3,0
1656,0,5,6,0
1224,0,5,2,0
4379,0,4,12,0
2821,0,4,6,0
2426,0,4,9,0
1886,0,4,3,0
1580,0,4,2,0
1508,0,4,2,0
1466,0,4,6,0
956,0,4,1,0
859,0,4,1,0
820,0,4,6,0
684,0,4,1,0
512,0,4,1,0
461,0,4,0,0
3120,0,3,12,0
2716,0,3,12,0
2658,0,3,7,0
2145,0,3,3,0
2102,0,3,2,0
1978,0,3,5,0
1716,0,3,6,0
1692,0,3,3,0
1482,0,3,4,0
1469,0,3,3,0
1346,0,3,2,0
1323,0,3,2,0
1057,0,3,4,0
1032,0,3,1,0
991,0,3,2,0
973,0,3,3,0
953,0,3,2,0
953,0,3,2,0
788,0,3,0,0
718,0,3,1,0
663,0,3,2,1
598,0,3,1,0
564,0,3,1,0
355,0,3,1,0
315,0,3,0,0
281,0,3,2,0
231,0,3,1,0
196,0,3,3,0
4342,0,2,13,0
3513,0,2,4,0
2636,0,2,8,0
2219,0,2,10,0
2193,0,2,4,0
2052,0,2,6,0
2050,0,2,2,0
2037,0,2,8,0
1975,0,2,3,0
1949,0,2,4,0
1901,0,2,6,0
1856,0,2,2,1
1846,0,2,1,0
1736,0,2,4,0
1659,0,2,5,0
1628,0,2,2,0
1615,0,2,1,0
1611,0,2,2,0
1598,0,2,7,0
1594,0,2,3,0
1530,0,2,7,0
1523,0,2,5,0
1516,0,2,7,0
1465,0,2,4,0
1427,0,2,4,0
1420,0,2,7,0
1408,0,2,9,0
1394,0,2,5,0
1372,0,2,5,0
1366,0,2,5,0
1342,0,2,1,0
1313,0,2,3,0
1311,0,2,4,0
1306,0,2,5,0
1291,0,2,5,0
1283,0,2,5,0
1281,0,2,1,0
1263,0,2,3,0
1247,0,2,2,0
1228,0,2,4,0
1213,0,2,3,0
1174,0,2,2,0
1067,0,2,0,1
1067,0,2,0,1
1062,0,2,3,0
1060,0,2,2,1
1057,0,2,8,0
1054,0,2,2,0
1047,0,2,7,0
1041,0,2,3,0
1030,0,2,2,0
1000,0,2,4,0
998,0,2,2,0
946,0,2,4,0
924,0,2,2,0
840,0,2,1,0
835,0,2,0,0
832,0,2,4,0
807,0,2,4,0
796,0,2,3,0
771,0,2,3,0
753,0,2,3,0
640,0,2,3,0
633,0,2,0,0
471,0,2,2,0
457,0,2,0,0
443,0,2,1,0
380,0,2,2,0
357,0,2,1,0
321,0,2,1,0
287,0,2,1,0
274,0,2,2,0
105,0,2,0,0
105,0,2,0,0
6294,0,1,0,0
5747,0,1,1,0
3777,0,1,7,0
3305,0,1,13,1
2912,0,1,7,1
2460,0,1,0,0
2455,0,1,1,0
2330,0,1,2,0
2316,0,1,1,0
2253,0,1,4,0
2250,0,1,1,0
2250,0,1,3,0
2225,0,1,5,0
2213,0,1,2,0
2210,0,1,7,0
2175,0,1,5,0
2160,0,1,1,0
2160,0,1,7,0
2138,0,1,4,0
2082,0,1,6,0
1985,0,1,9,0
1952,0,1,2,2
1865,0,1,7,0
1853,0,1,7,1
1841,0,1,2,0
1800,0,1,1,0
1780,0,1,5,0
1773,0,1,1,0
1733,0,1,7,0
1715,0,1,3,0
1706,0,1,4,0
1693,0,1,5,0
1678,0,1,1,0
1669,0,1,1,0
1649,0,1,4,1
1635,0,1,4,0
1598,0,1,4,0
1596,0,1,7,0
1586,0,1,4,0
1552,0,1,2,0
1549,0,1,3,0
1548,0,1,3,0
1534,0,1,3,0
1516,0,1,3,1
1496,0,1,4,0
1492,0,1,5,0
1468,0,1,8,1
1442,0,1,3,0
1435,0,1,4,0
1410,0,1,3,0
1404,0,1,1,0
1367,0,1,3,0
1339,0,1,5,0
1323,0,1,3,0
1283,0,1,4,0
1274,0,1,6,0
1273,0,1,4,0
1273,0,1,7,0
1271,0,1,3,0
1237,0,1,7,0
1226,0,1,2,0
1219,0,1,1,0
1200,0,1,3,0
1171,0,1,3,0
1157,0,1,2,0
1134,0,1,1,0
1112,0,1,2,0
1074,0,1,5,0
1072,0,1,1,0
1057,0,1,1,0
1037,0,1,2,0
1031,0,1,1,0
1006,0,1,2,0
1000,0,1,2,0
991,0,1,2,0
979,0,1,7,0
973,0,1,1,0
962,0,1,1,0
962,0,1,1,0
953,0,1,2,0
941,0,1,1,0
940,0,1,3,0
938,0,1,0,0
936,0,1,5,0
933,0,1,6,0
920,0,1,3,0
914,0,1,3,0
903,0,1,4,1
887,0,1,4,0
880,0,1,1,0
845,0,1,5,0
839,0,1,2,0
835,0,1,5,0
817,0,1,0,0
791,0,1,1,0
783,0,1,1,0
774,0,1,2,0
767,0,1,2,0
767,0,1,4,0
740,0,1,5,0
728,0,1,3,0
719,0,1,2,0
701,0,1,0,0
690,0,1,0,0
686,0,1,3,0
673,0,1,2,0
671,0,1,3,0
662,0,1,1,0
662,0,1,2,0
655,0,1,2,0
653,0,1,0,0
648,0,1,1,0
631,0,1,3,0
630,0,1,1,0
620,0,1,3,0
612,0,1,0,0
598,0,1,0,0
596,0,1,2,0
596,0,1,2,0
583,0,1,3,0
565,0,1,1,0
560,0,1,4,0
548,0,1,0,0
539,0,1,0,0
531,0,1,1,0
526,0,1,1,0
518,0,1,0,0
505,0,1,3,0
502,0,1,1,0
499,0,1,0,0
483,0,1,2,0
466,0,1,1,0
451,0,1,0,0
433,0,1,0,0
422,0,1,0,0
421,0,1,2,0
418,0,1,0,0
414,0,1,3,0
414,0,1,3,0
403,0,1,0,0
401,0,1,3,0
388,0,1,2,0
380,0,1,0,0
376,0,1,1,0
376,0,1,1,0
374,0,1,1,0
363,0,1,1,0
360,0,1,0,0
360,0,1,0,0
360,0,1,1,0
356,0,1,1,0
354,0,1,0,0
353,0,1,0,0
345,0,1,0,0
345,0,1,1,0
339,0,1,0,0
339,0,1,0,0
338,0,1,0,0
334,0,1,1,0
325,0,1,1,0
325,0,1,1,0
324,0,1,1,0
315,0,1,1,0
307,0,1,1,0
305,0,1,1,0
305,0,1,1,0
302,0,1,0,0
302,0,1,4,0
297,0,1,2,0
296,0,1,1,0
295,0,1,2,0
279,0,1,1,0
275,0,1,0,0
272,0,1,0,0
270,0,1,0,0
266,0,1,1,1
264,0,1,0,0
264,0,1,0,0
262,0,1,0,0
261,0,1,1,0
260,0,1,2,0
249,0,1,1,0
245,0,1,0,0
240,0,1,0,0
236,0,1,0,0
234,0,1,0,0
216,0,1,0,0
197,0,1,0,0
197,0,1,0,0
192,0,1,0,0
192,0,1,2,0
188,0,1,0,0
178,0,1,1,0
177,0,1,2,0
173,0,1,1,0
164,0,1,0,0
162,0,1,1,0
158,0,1,1,0
155,0,1,0,0
155,0,1,0,0
138,0,1,0,0
137,0,1,2,0
131,0,1,1,0
131,0,1,1,0
129,0,1,0,0
126,0,1,0,0
119,0,1,0,0
118,0,1,0,0
103,0,1,0,0
101,0,1,1,0
98,0,1,0,0
96,0,1,0,0
95,0,1,0,0
90,0,1,0,0
87,0,1,0,0
84,0,1,0,0
84,0,1,0,0
75,0,1,0,0
72,0,1,0,0
67,0,1,1,0
66,0,1,0,0
64,0,1,0,0
46,0,1,0,0
40,0,1,0,0
21,0,1,1,0
19,0,1,0,0
18,0,1,0,0
31918,0,0,31,2
13681,0,0,9,0
11073,0,0,9,1
9976,0,0,10,0
9927,0,0,5,1
8791,0,0,2,1
6816,0,0,3,0
6300,0,0,14,0
6271,0,0,11,0
5535,0,0,9,0
4982,0,0,18,0
4140,0,0,3,0
4080,0,0,4,0
3690,0,0,1,0
3648,0,0,4,0
3589,0,0,5,0
2988,0,0,1,0
2988,0,0,1,0
2970,0,0,0,0
2969,0,0,1,1
2820,0,0,3,0
2811,0,0,6,0
2790,0,0,3,0
2760,0,0,5,1
2736,0,0,4,0
2647,0,0,10,0
2610,0,0,1,0
2546,0,0,9,0
2520,0,0,2,0
2475,0,0,0,0
2385,0,0,2,0
2340,0,0,1,0
2340,0,0,2,0
2310,0,0,3,0
2250,0,0,2,0
2250,0,0,2,0
2250,0,0,3,0
2247,0,0,1,0
2237,0,0,6,0
2190,0,0,2,0
2185,0,0,8,0
2168,0,0,4,1
2164,0,0,3,1
2160,0,0,2,0
2160,0,0,3,0
2137,0,0,1,0
2082,0,0,4,0
2081,0,0,3,0
2070,0,0,1,0
2070,0,0,3,0
2039,0,0,5,1
2038,0,0,9,1
2018,0,0,3,0
2003,0,0,5,0
1995,0,0,2,0
1994,0,0,1,0
1987,0,0,4,1
1980,0,0,1,0
1980,0,0,2,0
1980,0,0,2,0
1980,0,0,2,0
1980,0,0,3,0
1980,0,0,4,0
1920,0,0,1,0
1909,0,0,1,0
1890,0,0,0,0
1890,0,0,1,0
1890,0,0,2,0
1888,0,0,6,0
1854,0,0,9,0
1842,0,0,5,1
1792,0,0,2,1
1783,0,0,9,0
1730,0,0,1,0
1717,0,0,6,0
1710,0,0,1,0
1710,0,0,1,0
1710,0,0,1,0
1695,0,0,0,0
1687,0,0,5,0
1673,0,0,5,0
1669,0,0,5,0
1665,0,0,2,0
1665,0,0,5,0
1621,0,0,5,1
1612,0,0,4,1
1610,0,0,1,0
1606,0,0,3,0
1595,0,0,8,0
1581,0,0,1,0
1581,0,0,3,0
1556,0,0,0,0
1554,0,0,4,0
1550,0,0,7,0
1540,0,0,3,0
1535,0,0,6,0
1530,0,0,1,0
1523,0,0,5,0
1514,0,0,5,0
1511,0,0,1,0
1499,0,0,2,0
1490,0,0,2,0
1482,0,0,1,0
1464,0,0,5,0
1453,0,0,2,0
1452,0,0,3,0
1447,0,0,4,0
1425,0,0,4,0
1406,0,0,5,0
1401,0,0,1,0
1401,0,0,1,0
1369,0,0,5,0
1368,0,0,1,0
1362,0,0,3,0
1358,0,0,1,0
1350,0,0,1,0
1350,0,0,2,0
1345,0,0,4,0
1345,0,0,4,0
1344,0,0,1,0
1316,0,0,0,1
1307,0,0,1,0
1301,0,0,6,0
1296,0,0,5,0
1292,0,0,3,0
1291,0,0,2,0
1276,0,0,3,0
1267,0,0,1,0
1260,0,0,2,0
1260,0,0,4,0
1247,0,0,3,0
1231,0,0,0,0
1229,0,0,3,0
1214,0,0,1,0
1201,0,0,7,0
1196,0,0,4,0
1193,0,0,2,0
1193,0,0,7,0
1192,0,0,5,0
1181,0,0,3,0
1181,0,0,8,0
1170,0,0,0,1
1170,0,0,1,0
1170,0,0,1,0
1167,0,0,2,0
1157,0,0,4,0
1150,0,0,2,0
1135,0,0,5,1
1130,0,0,4,1
1125,0,0,1,0
1123,0,0,2,0
1117,0,0,0,0
1115,0,0,4,0
1110,0,0,0,0
1096,0,0,3,0
1092,0,0,1,0
1090,0,0,2,0
1084,0,0,0,0
1080,0,0,2,0
1075,0,0,3,0
1073,0,0,1,0
1052,0,0,2,0
1052,0,0,5,0
1044,0,0,2,0
1038,0,0,0,0
1035,0,0,1,0
1035,0,0,2,0
1033,0,0,2,0
1017,0,0,1,0
1010,0,0,2,0
999,0,0,3,1
997,0,0,3,0
993,0,0,0,0
990,0,0,0,0
989,0,0,2,0
976,0,0,2,0
964,0,0,6,0
956,0,0,1,0
954,0,0,0,0
953,0,0,1,0
952,0,0,1,0
947,0,0,3,0
946,0,0,2,0
942,0,0,1,0
941,0,0,0,1
934,0,0,2,0
934,0,0,2,0
930,0,0,1,0
930,0,0,2,0
930,0,0,7,0
928,0,0,2,0
919,0,0,3,1
916,0,0,2,0
914,0,0,0,0
911,0,0,1,0
911,0,0,4,0
910,0,0,0,0
904,0,0,0,0
901,0,0,0,0
900,0,0,0,0
900,0,0,1,0
900,0,0,1,0
900,0,0,2,0
883,0,0,0,0
883,0,0,2,0
882,0,0,3,0
873,0,0,0,1
870,0,0,1,0
870,0,0,2,0
863,0,0,1,0
857,0,0,2,0
837,0,0,1,0
836,0,0,2,0
829,0,0,0,0
825,0,0,3,1
819,0,0,2,0
810,0,0,0,0
810,0,0,0,0
810,0,0,1,0
810,0,0,2,0
808,0,0,0,0
802,0,0,3,0
798,0,0,5,0
796,0,0,1,0
781,0,0,3,0
780,0,0,3,0
780,0,0,4,0
776,0,0,3,0
763,0,0,1,0
762,0,0,3,0
760,0,0,2,0
758,0,0,0,0
756,0,0,0,0
755,0,0,3,0
741,0,0,3,0
731,0,0,3,0
730,0,0,1,1
729,0,0,1,0
724,0,0,2,0
720,0,0,4,0
716,0,0,3,0
713,0,0,0,0
713,0,0,3,0
705,0,0,1,0
697,0,0,0,0
696,0,0,1,0
691,0,0,1,0
689,0,0,1,0
689,0,0,1,0
686,0,0,0,0
683,0,0,0,0
683,0,0,0,0
673,0,0,0,0
673,0,0,4,0
670,0,0,1,0
667,0,0,0,0
665,0,0,5,0
660,0,0,3,0
650,0,0,0,0
643,0,0,0,0
642,0,0,1,0
637,0,0,1,0
632,0,0,0,0
630,0,0,0,0
630,0,0,0,0
630,0,0,0,0
630,0,0,0,0
630,0,0,0,0
630,0,0,1,0
630,0,0,1,0
626,0,0,2,0
626,0,0,3,0
623,0,0,1,0
622,0,0,3,0
618,0,0,0,0
615,0,0,3,0
614,0,0,0,0
611,0,0,1,0
611,0,0,2,0
610,0,0,0,1
606,0,0,2,0
601,0,0,0,0
587,0,0,2,0
586,0,0,4,0
585,0,0,3,0
584,0,0,2,0
579,0,0,1,0
577,0,0,0,0
575,0,0,1,0
574,0,0,2,0
574,0,0,4,0
572,0,0,3,0
571,0,0,0,0
570,0,0,0,0
567,0,0,3,0
566,0,0,1,0
565,0,0,3,0
561,0,0,1,0
560,0,0,0,0
559,0,0,0,0
552,0,0,3,0
552,0,0,3,0
550,0,0,3,0
549,0,0,4,0
545,0,0,3,0
543,0,0,6,0
540,0,0,0,0
540,0,0,0,0
540,0,0,0,0
540,0,0,0,0
540,0,0,0,0
540,0,0,0,0
540,0,0,0,0
540,0,0,1,0
540,0,0,1,0
537,0,0,0,0
533,0,0,3,1
530,0,0,1,0
527,0,0,1,0
526,0,0,1,0
526,0,0,1,0
525,0,0,0,0
525,0,0,1,0
518,0,0,5,0
513,0,0,1,0
504,0,0,0,0
502,0,0,1,0
500,0,0,3,0
500,0,0,5,0
495,0,0,2,0
485,0,0,3,0
482,0,0,4,0
481,0,0,2,0
480,0,0,1,0
480,0,0,1,0
479,0,0,1,0
475,0,0,0,0
473,0,0,0,0
472,0,0,0,0
468,0,0,1,0
467,0,0,1,0
467,0,0,4,0
463,0,0,1,0
460,0,0,5,0
458,0,0,0,0
455,0,0,0,0
455,0,0,2,0
454,0,0,2,0
453,0,0,0,0
452,0,0,1,0
451,0,0,1,0
451,0,0,1,0
450,0,0,0,0
450,0,0,0,0
450,0,0,0,0
450,0,0,0,0
450,0,0,1,0
450,0,0,1,0
450,0,0,1,0
450,0,0,1,0
450,0,0,2,0
449,0,0,1,0
446,0,0,0,0
445,0,0,0,0
444,0,0,1,0
442,0,0,1,0
441,0,0,1,0
440,0,0,1,0
440,0,0,2,0
439,0,0,0,0
438,0,0,0,0
437,0,0,1,0
435,0,0,1,0
428,0,0,3,0
426,0,0,1,0
424,0,0,0,0
424,0,0,1,0
420,0,0,0,0
419,0,0,0,0
417,0,0,0,1
416,0,0,2,1
415,0,0,1,0
411,0,0,1,0
407,0,0,0,0
407,0,0,0,0
407,0,0,0,0
405,0,0,1,0
403,0,0,1,0
401,0,0,1,0
397,0,0,1,0
394,0,0,0,0
394,0,0,1,0
393,0,0,2,0
392,0,0,1,0
392,0,0,2,0
390,0,0,0,0
390,0,0,1,0
388,0,0,0,0
388,0,0,0,0
388,0,0,2,0
386,0,0,0,0
386,0,0,1,0
384,0,0,0,0
383,0,0,1,1
382,0,0,1,0
382,0,0,2,0
381,0,0,1,0
379,0,0,2,0
378,0,0,0,0
378,0,0,1,0
377,0,0,1,0
375,0,0,1,0
372,0,0,0,0
369,0,0,4,0
367,0,0,0,0
366,0,0,2,0
365,0,0,1,0
364,0,0,1,0
363,0,0,1,0
362,0,0,0,0
361,0,0,0,0
361,0,0,0,0
361,0,0,2,0
360,0,0,0,0
360,0,0,0,0
360,0,0,0,0
360,0,0,0,0
360,0,0,0,0
360,0,0,0,0
360,0,0,0,0
360,0,0,0,0
360,0,0,0,0
360,0,0,0,0
360,0,0,1,0
360,0,0,1,0
360,0,0,1,0
360,0,0,1,0
358,0,0,2,1
358,0,0,3,0
351,0,0,0,0
350,0,0,1,0
350,0,0,2,0
349,0,0,0,0
348,0,0,0,0
347,0,0,2,0
345,0,0,1,0
342,0,0,1,0
342,0,0,2,0
341,0,0,0,0
341,0,0,0,0
341,0,0,0,0
337,0,0,0,0
336,0,0,0,0
336,0,0,1,0
335,0,0,0,0
335,0,0,0,0
334,0,0,1,0
333,0,0,1,0
331,0,0,1,1
328,0,0,1,0
325,0,0,2,1
318,0,0,1,0
318,0,0,1,0
315,0,0,1,0
312,0,0,0,0
311,0,0,0,0
309,0,0,0,0
307,0,0,0,0
307,0,0,1,0
305,0,0,0,0
305,0,0,0,0
301,0,0,2,0
301,0,0,2,0
300,0,0,0,0
300,0,0,0,0
300,0,0,0,0
300,0,0,0,0
300,0,0,1,0
300,0,0,1,0
297,0,0,0,0
293,0,0,0,0
293,0,0,0,0
291,0,0,3,0
290,0,0,0,0
290,0,0,0,0
290,0,0,1,0
289,0,0,0,0
288,0,0,0,0
287,0,0,0,0
286,0,0,1,0
283,0,0,0,0
282,0,0,1,0
281,0,0,0,0
281,0,0,1,0
279,0,0,2,0
277,0,0,0,0
277,0,0,0,0
276,0,0,1,0
272,0,0,1,0
271,0,0,0,0
271,0,0,2,0
270,0,0,0,0
270,0,0,0,0
270,0,0,0,0
270,0,0,0,0
270,0,0,0,0
270,0,0,1,0
270,0,0,1,0
270,0,0,1,0
270,0,0,2,0
270,0,0,2,0
270,0,0,2,0
270,0,0,3,0
267,0,0,1,1
266,0,0,0,0
266,0,0,1,0
262,0,0,0,0
262,0,0,1,0
259,0,0,2,0
255,0,0,1,0
255,0,0,1,0
255,0,0,2,0
254,0,0,0,0
253,0,0,0,0
253,0,0,0,0
251,0,0,0,0
251,0,0,1,0
250,0,0,1,0
249,0,0,2,0
248,0,0,0,0
248,0,0,1,0
245,0,0,0,0
245,0,0,0,0
244,0,0,0,0
244,0,0,0,0
244,0,0,1,0
244,0,0,2,0
243,0,0,1,0
242,0,0,0,0
241,0,0,0,0
240,0,0,1,0
239,0,0,0,0
239,0,0,1,0
238,0,0,1,0
235,0,0,1,0
235,0,0,1,0
234,0,0,1,0
234,0,0,1,1
233,0,0,1,0
232,0,0,2,0
230,0,0,0,0
229,0,0,1,0
226,0,0,1,0
224,0,0,0,0
223,0,0,0,0
222,0,0,0,0
222,0,0,0,0
222,0,0,0,0
221,0,0,0,0
220,0,0,1,0
218,0,0,1,0
215,0,0,2,0
214,0,0,0,0
214,0,0,1,0
212,0,0,1,0
212,0,0,2,0
211,0,0,0,0
211,0,0,0,0
211,0,0,0,0
210,0,0,0,0
210,0,0,1,0
210,0,0,1,0
209,0,0,0,0
209,0,0,0,0
208,0,0,0,0
205,0,0,0,0
205,0,0,1,0
204,0,0,1,0
203,0,0,0,0
203,0,0,0,0
202,0,0,0,0
202,0,0,0,0
202,0,0,2,0
201,0,0,0,0
201,0,0,0,0
201,0,0,1,0
200,0,0,0,0
200,0,0,0,0
200,0,0,1,0
197,0,0,0,0
195,0,0,0,0
195,0,0,0,0
195,0,0,0,0
193,0,0,0,0
192,0,0,0,0
192,0,0,3,1
190,0,0,1,0
189,0,0,0,0
189,0,0,1,0
188,0,0,0,0
188,0,0,1,0
187,0,0,0,0
187,0,0,0,0
187,0,0,2,0
184,0,0,1,0
183,0,0,0,0
183,0,0,1,0
183,0,0,1,0
182,0,0,0,0
181,0,0,1,0
180,0,0,0,0
180,0,0,0,0
180,0,0,0,0
180,0,0,0,0
180,0,0,0,0
180,0,0,0,0
180,0,0,0,0
180,0,0,0,0
180,0,0,0,0
180,0,0,0,0
180,0,0,0,0
180,0,0,0,0
180,0,0,1,0
180,0,0,1,0
180,0,0,1,0
180,0,0,1,0
180,0,0,1,0
180,0,0,1,1
179,0,0,0,0
179,0,0,1,0
179,0,0,1,0
178,0,0,0,0
176,0,0,0,0
173,0,0,0,0
172,0,0,1,0
171,0,0,1,0
169,0,0,0,0
168,0,0,0,0
166,0,0,0,0
166,0,0,0,0
166,0,0,2,0
165,0,0,0,0
164,0,0,1,0
164,0,0,3,0
163,0,0,1,0
163,0,0,2,0
161,0,0,0,0
161,0,0,1,0
161,0,0,1,0
160,0,0,0,0
160,0,0,0,0
160,0,0,1,0
160,0,0,1,0
160,0,0,2,0
159,0,0,0,0
159,0,0,1,0
158,0,0,0,0
158,0,0,0,0
158,0,0,0,0
156,0,0,0,0
156,0,0,1,0
156,0,0,2,0
155,0,0,1,0
155,0,0,1,0
154,0,0,0,0
154,0,0,2,0
153,0,0,0,0
152,0,0,1,0
152,0,0,2,0
150,0,0,0,0
150,0,0,0,0
150,0,0,1,0
149,0,0,0,0
149,0,0,1,0
148,0,0,1,0
148,0,0,1,0
147,0,0,0,0
146,0,0,0,0
146,0,0,0,0
143,0,0,0,0
143,0,0,0,0
143,0,0,0,0
140,0,0,0,0
140,0,0,1,0
140,0,0,2,0
139,0,0,0,0
139,0,0,2,0
138,0,0,0,0
138,0,0,0,0
137,0,0,1,0
136,0,0,0,0
135,0,0,0,0
135,0,0,1,0
135,0,0,1,0
135,0,0,1,0
134,0,0,0,0
133,0,0,0,0
132,0,0,0,0
132,0,0,2,0
131,0,0,0,0
131,0,0,0,0
131,0,0,0,0
131,0,0,1,0
130,0,0,0,0
130,0,0,0,0
130,0,0,0,0
129,0,0,0,0
129,0,0,0,0
129,0,0,1,0
128,0,0,0,0
128,0,0,0,1
127,0,0,0,0
127,0,0,1,0
126,0,0,0,0
124,0,0,1,0
124,0,0,2,0
122,0,0,0,0
122,0,0,0,0
122,0,0,1,0
121,0,0,0,0
121,0,0,0,0
121,0,0,0,0
121,0,0,0,0
121,0,0,0,1
121,0,0,0,1
120,0,0,0,0
120,0,0,0,0
120,0,0,0,0
120,0,0,0,0
120,0,0,0,0
119,0,0,0,0
119,0,0,0,0
118,0,0,1,0
117,0,0,0,0
117,0,0,0,0
117,0,0,0,0
116,0,0,0,0
116,0,0,0,0
115,0,0,0,0
115,0,0,0,0
114,0,0,2,0
113,0,0,0,0
113,0,0,0,0
113,0,0,0,0
107,0,0,0,0
106,0,0,0,0
106,0,0,1,0
106,0,0,1,0
105,0,0,0,0
103,0,0,0,0
101,0,0,0,0
100,0,0,1,0
100,0,0,1,0
100,0,0,2,0
100,0,0,2,0
99,0,0,0,0
98,0,0,0,0
98,0,0,0,0
98,0,0,0,0
98,0,0,1,0
96,0,0,0,0
96,0,0,1,0
95,0,0,0,0
95,0,0,0,0
95,0,0,1,0
94,0,0,1,0
94,0,0,2,0
94,0,0,2,0
93,0,0,0,0
93,0,0,0,0
93,0,0,0,0
92,0,0,0,0
92,0,0,1,0
91,0,0,0,0
91,0,0,0,0
90,0,0,0,0
90,0,0,0,0
90,0,0,0,0
90,0,0,0,0
90,0,0,0,0
90,0,0,0,0
90,0,0,0,0
90,0,0,0,0
90,0,0,0,0
90,0,0,0,0
90,0,0,0,0
90,0,0,0,0
90,0,0,0,0
90,0,0,0,0
90,0,0,0,0
90,0,0,0,0
90,0,0,0,0
90,0,0,0,0
90,0,0,0,0
90,0,0,0,0
90,0,0,0,0
90,0,0,0,0
90,0,0,0,0
90,0,0,0,0
90,0,0,0,0
90,0,0,1,0
90,0,0,1,0
89,0,0,0,0
89,0,0,1,0
88,0,0,0,0
88,0,0,1,0
88,0,0,1,0
87,0,0,0,0
85,0,0,0,0
85,0,0,0,0
84,0,0,0,0
83,0,0,0,0
83,0,0,0,0
83,0,0,0,0
82,0,0,0,0
81,0,0,0,0
81,0,0,0,0
81,0,0,0,0
80,0,0,0,0
78,0,0,0,0
78,0,0,0,0
77,0,0,0,0
77,0,0,0,0
77,0,0,0,0
77,0,0,1,0
76,0,0,0,0
76,0,0,0,0
76,0,0,0,0
75,0,0,0,0
75,0,0,0,0
74,0,0,0,0
74,0,0,1,0
73,0,0,0,0
72,0,0,0,0
71,0,0,0,0
71,0,0,0,0
71,0,0,0,0
71,0,0,1,0
71,0,0,1,0
71,0,0,1,0
70,0,0,0,0
70,0,0,0,0
69,0,0,0,0
69,0,0,0,0
68,0,0,0,0
68,0,0,0,0
68,0,0,1,0
67,0,0,0,0
67,0,0,0,0
66,0,0,0,0
66,0,0,0,0
66,0,0,0,0
66,0,0,0,0
65,0,0,0,0
65,0,0,0,0
65,0,0,0,0
64,0,0,0,0
64,0,0,0,0
62,0,0,0,0
62,0,0,0,0
62,0,0,1,0
61,0,0,0,0
60,0,0,0,0
60,0,0,0,0
60,0,0,0,0
59,0,0,0,0
58,0,0,0,0
57,0,0,0,0
57,0,0,1,0
56,0,0,0,0
56,0,0,0,0
56,0,0,0,0
56,0,0,2,0
56,0,0,2,0
55,0,0,0,0
55,0,0,1,0
55,0,0,1,0
54,0,0,0,0
54,0,0,0,0
53,0,0,0,0
52,0,0,0,0
52,0,0,0,0
52,0,0,1,0
51,0,0,0,0
51,0,0,0,0
49,0,0,0,0
48,0,0,0,0
48,0,0,0,0
48,0,0,0,0
48,0,0,0,0
48,0,0,0,0
48,0,0,1,0
47,0,0,0,0
47,0,0,0,0
47,0,0,0,0
47,0,0,0,0
47,0,0,0,0
47,0,0,0,0
46,0,0,0,0
46,0,0,0,0
46,0,0,0,0
46,0,0,0,0
46,0,0,0,0
46,0,0,0,0
46,0,0,0,0
46,0,0,0,0
45,0,0,0,0
45,0,0,0,0
45,0,0,0,0
45,0,0,0,0
45,0,0,0,0
45,0,0,0,0
45,0,0,0,0
45,0,0,0,0
45,0,0,0,0
45,0,0,1,0
44,0,0,0,0
44,0,0,0,0
44,0,0,0,0
44,0,0,0,0
43,0,0,0,0
43,0,0,0,0
43,0,0,0,0
43,0,0,0,0
43,0,0,1,0
42,0,0,2,0
41,0,0,0,0
40,0,0,0,0
40,0,0,0,0
40,0,0,0,0
40,0,0,0,0
40,0,0,0,0
38,0,0,0,0
37,0,0,0,0
37,0,0,0,0
37,0,0,1,0
37,0,0,1,0
36,0,0,0,0
36,0,0,0,0
36,0,0,0,0
35,0,0,0,0
35,0,0,1,0
34,0,0,0,0
34,0,0,0,0
34,0,0,0,0
34,0,0,0,0
34,0,0,0,0
34,0,0,0,0
33,0,0,1,0
32,0,0,0,0
32,0,0,0,0
32,0,0,0,0
32,0,0,0,0
32,0,0,0,0
31,0,0,0,0
31,0,0,0,0
31,0,0,0,0
31,0,0,0,0
31,0,0,1,0
31,0,0,1,0
30,0,0,0,0
30,0,0,0,0
30,0,0,0,0
29,0,0,0,0
29,0,0,0,0
29,0,0,0,0
29,0,0,0,0
29,0,0,0,0
29,0,0,0,0
29,0,0,0,0
28,0,0,0,0
28,0,0,0,0
28,0,0,0,0
28,0,0,0,0
28,0,0,1,0
27,0,0,0,0
27,0,0,0,0
27,0,0,0,0
27,0,0,1,0
26,0,0,0,0
26,0,0,0,0
26,0,0,0,0
26,0,0,0,0
26,0,0,0,0
26,0,0,0,0
26,0,0,1,0
25,0,0,0,0
25,0,0,0,0
25,0,0,1,0
25,0,0,1,0
25,0,0,1,0
25,0,0,1,0
25,0,0,1,0
25,0,0,1,0
24,0,0,0,0
24,0,0,1,0
22,0,0,0,0
22,0,0,0,0
21,0,0,0,0
21,0,0,0,0
21,0,0,0,0
21,0,0,0,0
20,0,0,0,0
20,0,0,0,0
20,0,0,0,0
20,0,0,0,0
20,0,0,0,0
19,0,0,0,0
19,0,0,0,0
18,0,0,0,0
18,0,0,0,0
18,0,0,0,0
18,0,0,0,0
18,0,0,1,0
18,0,0,2,0
17,0,0,0,0
17,0,0,0,0
17,0,0,0,1
17,0,0,1,0
17,0,0,1,0
16,0,0,0,0
16,0,0,0,0
16,0,0,0,0
16,0,0,0,0
15,0,0,0,0
15,0,0,0,0
15,0,0,0,0
15,0,0,0,0
15,0,0,0,0
15,0,0,0,0
15,0,0,0,0
14,0,0,0,0
14,0,0,0,0
14,0,0,0,0
14,0,0,0,0
14,0,0,0,0
14,0,0,0,0
13,0,0,0,0
13,0,0,0,0
13,0,0,1,0
13,0,0,2,0
12,0,0,0,0
12,0,0,0,0
12,0,0,0,0
12,0,0,0,0
12,0,0,0,0
12,0,0,1,0
12,0,0,1,0
11,0,0,0,0
11,0,0,0,0
11,0,0,0,0
11,0,0,0,0
11,0,0,0,0
11,0,0,0,0
11,0,0,0,0
11,0,0,0,0
11,0,0,0,0
11,0,0,1,0
10,0,0,0,0
10,0,0,0,0
10,0,0,0,0
10,0,0,0,0
10,0,0,0,0
10,0,0,0,0
9,0,0,0,0
9,0,0,0,0
9,0,0,0,0
9,0,0,0,0
9,0,0,1,0
9,0,0,1,0
8,0,0,0,0
8,0,0,0,0
8,0,0,0,0
8,0,0,0,0
7,0,0,0,0
7,0,0,0,0
7,0,0,0,0
7,0,0,0,0
7,0,0,0,0
7,0,0,0,0
7,0,0,0,0
6,0,0,0,0
6,0,0,0,0
6,0,0,1,0
6,0,0,1,0
5,0,0,0,0
5,0,0,0,0
5,0,0,0,0
5,0,0,0,0
5,0,0,0,0
5,0,0,0,0
5,0,0,0,0
4,0,0,0,0
4,0,0,0,0
4,0,0,0,0
4,0,0,0,0
4,0,0,0,0
4,0,0,0,0
4,0,0,1,0
3,0,0,0,0
3,0,0,0,0
3,0,0,0,0
3,0,0,0,0
3,0,0,0,0
3,0,0,0,0
3,0,0,0,0
2,0,0,0,0
2,0,0,0,0
2,0,0,0,0
2,0,0,0,0
2,0,0,0,0
2,0,0,0,0
2,0,0,0,0
1,0,0,0,0
1,0,0,0,0
1,0,0,0,0
1,0,0,0,0
1,0,0,0,0
1,0,0,0,0
1,0,0,0,0
1,0,0,0,0
1,0,0,0,0
1,0,0,0,0
1,0,0,0,0
1,0,0,0,0
1,0,0,0,0
1,0,0,0,0
